Date,Name,Year,Letterboxd URI
2024-08-28,Once Upon a Time... in Hollywood,2019,https://boxd.it/gH0O
2024-08-28,The Secret World of Arrietty,2010,https://boxd.it/AF4
2024-08-28,The Silence,2019,https://boxd.it/j9UE
2024-08-28,The Silence of the Lambs,1991,https://boxd.it/2aHW
2024-08-28,Host,2020,https://boxd.it/r5O4
2024-08-28,The Great Hack,2019,https://boxd.it/kL8g
2024-08-28,Run,2020,https://boxd.it/jVM4
2024-08-28,Don't Listen,2020,https://boxd.it/re0s
2024-08-28,Gravity,2013,https://boxd.it/GZY
2024-08-28,Split,2016,https://boxd.it/dgSy
2024-08-28,The Road Within,2014,https://boxd.it/6JtS
2024-08-28,The Babadook,2014,https://boxd.it/77xu
2024-08-28,I Origins,2014,https://boxd.it/7aRM
2024-08-28,We Need to Talk About Kevin,2011,https://boxd.it/2pTS
2024-08-28,How to Plan an Orgy in a Small Town,2015,https://boxd.it/c33U
2024-08-28,Cam,2018,https://boxd.it/iWvG
2024-08-28,Memento,2000,https://boxd.it/2bcK
2024-08-28,The Titan,2018,https://boxd.it/h7K4
2024-08-28,1922,2017,https://boxd.it/g8CS
2024-08-28,Jonah,2015,https://boxd.it/cBBc
2024-08-28,iBoy,2017,https://boxd.it/eBQq
2024-08-28,White Girl,2016,https://boxd.it/b8AM
2024-08-28,American Pie Presents: Band Camp,2005,https://boxd.it/20qQ
2024-08-28,Lusers,2015,https://boxd.it/cYlG
2024-08-28,1917,2019,https://boxd.it/jj4y
2024-08-28,2001: A Space Odyssey,1968,https://boxd.it/2bf0
2024-08-28,300: Rise of an Empire,2014,https://boxd.it/xaC
2024-08-28,3022,2019,https://boxd.it/nNmU
2024-08-28,50/50,2011,https://boxd.it/10Tw
2024-08-28,Approaching the Unknown,2016,https://boxd.it/aJNc
2024-08-28,The Nun,2018,https://boxd.it/fBkw
2024-08-28,The Girl Who Leapt Through Time,2006,https://boxd.it/1OPa
2024-08-28,Corpse Bride,2005,https://boxd.it/24WQ
2024-08-28,Inception,2010,https://boxd.it/1skk
2024-08-28,A Prayer Before Dawn,2017,https://boxd.it/fZ9i
2024-08-28,The Piano Teacher,2001,https://boxd.it/2886
2024-08-28,The Social Network,2010,https://boxd.it/17ue
2024-08-28,Chaos Theory,2008,https://boxd.it/1R4G
2024-08-28,The Fallout,2021,https://boxd.it/tViI
2024-08-28,About Fate,2022,https://boxd.it/veJq
2024-08-28,Aftersun,2022,https://boxd.it/Arw0
2024-08-28,Alita: Battle Angel,2019,https://boxd.it/e0rS
2024-08-28,American Made,2017,https://boxd.it/bb66
2024-08-28,Chungking Express,1994,https://boxd.it/1UDa
2024-08-28,mid90s,2018,https://boxd.it/fxIa
2024-08-28,Clueless,1995,https://boxd.it/1Ygk
2024-08-28,"As Above, So Below",2014,https://boxd.it/7yui
2024-08-28,Atonement,2007,https://boxd.it/24ui
2024-08-28,Inglourious Basterds,2009,https://boxd.it/1JzG
2024-08-28,Belfast,2021,https://boxd.it/tefG
2024-08-28,Benny's Video,1992,https://boxd.it/27Hk
2024-08-28,Birdman or (The Unexpected Virtue of Ignorance),2014,https://boxd.it/5RFA
2024-08-28,Bleed for This,2016,https://boxd.it/aYi4
2024-08-28,boa sorte?,2023,https://boxd.it/FMdS
2024-08-28,Bodies Bodies Bodies,2022,https://boxd.it/iRcE
2024-08-28,Good Time,2017,https://boxd.it/fcFu
2024-08-28,Boyz n the Hood,1991,https://boxd.it/29Ug
2024-08-28,Brazil,1985,https://boxd.it/2be2
2024-08-28,Brightburn,2019,https://boxd.it/jk58
2024-08-28,Califórnia,2015,https://boxd.it/cnBi
2024-08-28,Charles,2022,https://boxd.it/udNO
2024-08-28,Closer,2004,https://boxd.it/270K
2024-08-28,Clouds,2020,https://boxd.it/nmI0
2024-08-28,Come and See,1985,https://boxd.it/1w9q
2024-08-28,Constantine,2005,https://boxd.it/2a7E
2024-08-28,Fury,2014,https://boxd.it/6JwC
2024-08-28,Run Lola Run,1998,https://boxd.it/2b8o
2024-08-28,Creep,2014,https://boxd.it/7l4c
2024-08-28,Deus,2022,https://boxd.it/mjbK
2024-08-28,The Basketball Diaries,1995,https://boxd.it/1WaO
2024-08-28,How High 2,2019,https://boxd.it/jmM4
2024-08-28,Donnie Darko,2001,https://boxd.it/2b2A
2024-08-28,Dune: Part Two,2024,https://boxd.it/pUfA
2024-08-28,Elephant,2003,https://boxd.it/287i
2024-08-28,Meet Joe Black,1998,https://boxd.it/2aEI
2024-08-28,A Man Amidst Bees,2015,https://boxd.it/8c40
2024-08-28,Eraserhead,1977,https://boxd.it/299u
2024-08-28,Christiane F.,1981,https://boxd.it/1YiA
2024-08-28,Ex Machina,2015,https://boxd.it/7T2k
2024-08-28,Fallen Angels,1995,https://boxd.it/1UkW
2024-08-28,Fargo,1996,https://boxd.it/2aHM
2024-08-28,Get Rich or Die Tryin',2005,https://boxd.it/1XbS
2024-08-28,First Reformed,2017,https://boxd.it/go9C
2024-08-28,Heat,1995,https://boxd.it/2bg8
2024-08-28,Forrest Gump,1994,https://boxd.it/728
2024-08-28,Fractured,2019,https://boxd.it/kPL2
2024-08-28,Get Out,2017,https://boxd.it/eOCm
2024-08-28,Big Time Adolescence,2019,https://boxd.it/jFke
2024-08-28,The Prestige,2006,https://boxd.it/293w
2024-08-28,Guardians of Time,2022,https://boxd.it/ypmo
2024-08-28,Her,2013,https://boxd.it/4O24
2024-08-28,Hereditary,2018,https://boxd.it/hNVe
2024-08-28,A Writer's Odyssey,2021,https://boxd.it/mBBm
2024-08-28,Men of Honor,2000,https://boxd.it/1SCE
2024-08-28,Hot Summer Nights,2017,https://boxd.it/bFIE
2024-08-28,Jack and the Cuckoo-Clock Heart,2013,https://boxd.it/68tc
2024-08-28,"Josee, the Tiger and the Fish",2020,https://boxd.it/oh1i
2024-08-28,Kids,1995,https://boxd.it/1YUY
2024-08-28,Kill Bill: Vol. 1,2003,https://boxd.it/70w
2024-08-28,Killers of the Flower Moon,2023,https://boxd.it/gHp0
2024-08-28,Kingsman: The Secret Service,2014,https://boxd.it/6dxe
2024-08-28,A Clockwork Orange,1971,https://boxd.it/2aVE
2024-08-28,Stuck in Love,2012,https://boxd.it/3L08
2024-08-28,Looks That Kill,2020,https://boxd.it/mxWA
2024-08-28,Lolita,1962,https://boxd.it/29Ag
2024-08-28,Lost Highway,1997,https://boxd.it/29Wc
2024-08-28,Hard Times,1975,https://boxd.it/1B3W
2024-08-28,M3GAN,2022,https://boxd.it/jxmG
2024-08-28,Magnolia,1999,https://boxd.it/2aze
2024-08-28,Manchester by the Sea,2016,https://boxd.it/b2L0
2024-08-28,The Matrix,1999,https://boxd.it/2a1m
2024-08-28,The Maze Runner,2014,https://boxd.it/5YPM
2024-08-28,Morbius,2022,https://boxd.it/j978
2024-08-28,Mortal Kombat,2021,https://boxd.it/gswA
2024-08-28,Mulholland Drive,2001,https://boxd.it/297o
2024-08-28,My Friend Dahmer,2017,https://boxd.it/fQ7W
2024-08-28,Mysterious Skin,2004,https://boxd.it/1UsG
2024-08-28,"New York, I Love You",2008,https://boxd.it/1RG6
2024-08-28,Nobody,2021,https://boxd.it/mLqS
2024-08-28,Not Okay,2022,https://boxd.it/vCEY
2024-08-28,It Lives Inside,2023,https://boxd.it/CKzc
2024-08-28,Nope,2022,https://boxd.it/sDCe
2024-08-28,Nightcrawler,2014,https://boxd.it/780m
2024-08-28,The Shadow in My Eye,2021,https://boxd.it/o9Io
2024-08-28,Pawn Sacrifice,2014,https://boxd.it/7dlE
2024-08-28,The Nightmare Before Christmas,1993,https://boxd.it/1YzQ
2024-08-28,The Polar Express,2004,https://boxd.it/23am
2024-08-28,Ghost in the Shell,1995,https://boxd.it/1YYc
2024-08-28,The Lighthouse,2019,https://boxd.it/icFU
2024-08-28,The Irishman,2019,https://boxd.it/dYOq
2024-08-28,Suicide Club,2001,https://boxd.it/1RkY
2024-08-28,The Little Prince,2015,https://boxd.it/9WbS
2024-08-28,The Godfather,1972,https://boxd.it/2aNK
2024-08-28,Priceless,2016,https://boxd.it/dLRQ
2024-08-28,In Time,2011,https://boxd.it/FPS
2024-08-28,A Prophet,2009,https://boxd.it/1BGE
2024-08-28,The Night Clerk,2020,https://boxd.it/j6IA
2024-08-28,Dorian Gray,2009,https://boxd.it/1zaw
2024-08-28,The Truman Show,1998,https://boxd.it/18U8
2024-08-28,Detachment,2011,https://boxd.it/2BiY
2024-08-28,The Black Phone,2021,https://boxd.it/sqFE
2024-08-28,Flight,2012,https://boxd.it/35Ca
2024-08-28,La Haine,1995,https://boxd.it/2as8
2024-08-28,Offender,2012,https://boxd.it/41Zc
2024-08-28,Oldboy,2003,https://boxd.it/29R2
2024-08-28,Hallam Foe,2007,https://boxd.it/277m
2024-08-28,No Country for Old Men,2007,https://boxd.it/21ew
2024-08-28,The Royal Tenenbaums,2001,https://boxd.it/1YHU
2024-08-28,The Mortal Instruments: City of Bones,2013,https://boxd.it/44va
2024-08-28,Palo Alto,2013,https://boxd.it/5Nzy
2024-08-28,Passengers,2016,https://boxd.it/8lFu
2024-08-28,Pieces of April,2003,https://boxd.it/28De
2024-08-28,Peaceful Warrior,2006,https://boxd.it/1PCw
2024-08-28,Match Point,2005,https://boxd.it/2b6s
2024-08-28,Rise of the Planet of the Apes,2011,https://boxd.it/cS4
2024-08-28,Poor Things,2023,https://boxd.it/tNWU
2024-08-28,Possession,1981,https://boxd.it/1BPm
2024-08-28,Primer,2004,https://boxd.it/6YA
2024-08-28,Psycho,1960,https://boxd.it/2ab2
2024-08-28,Pulp Fiction,1994,https://boxd.it/29Pq
2024-08-28,Fantastic Four,2015,https://boxd.it/5a9c
2024-08-28,[REC],2007,https://boxd.it/20ma
2024-08-28,Rocketman,2019,https://boxd.it/iehK
2024-08-28,Rocky II,1979,https://boxd.it/28Ua
2024-08-28,Fear Street: 1994,2021,https://boxd.it/lLBk
2024-08-28,Rubikon,2022,https://boxd.it/tRY6
2024-08-28,Suicide Room,2011,https://boxd.it/2oiG
2024-08-28,Rurouni Kenshin Part I: Origins,2012,https://boxd.it/4aIO
2024-08-28,Scarface,1983,https://boxd.it/2b7g
2024-08-28,It's Kind of a Funny Story,2010,https://boxd.it/Tfa
2024-08-28,Se7en,1995,https://boxd.it/29zs
2024-08-28,Limitless,2011,https://boxd.it/Aly
2024-08-28,Sing Street,2016,https://boxd.it/cOo6
2024-08-28,Sleepers,1996,https://boxd.it/29xw
2024-08-28,The Terror,1963,https://boxd.it/1iBU
2024-08-28,Some Kind of Wonderful,1987,https://boxd.it/1MJu
2024-08-28,I Stand Alone,1998,https://boxd.it/28Au
2024-08-28,Speak,2004,https://boxd.it/1MTO
2024-08-28,Mr. Nobody,2009,https://boxd.it/1k44
2024-08-28,Stalker,1979,https://boxd.it/28PO
2024-08-28,Stand by Me,1986,https://boxd.it/2aOe
2024-08-28,Talk to Me,2022,https://boxd.it/C6uQ
2024-08-28,Terrifier,2016,https://boxd.it/eRzg
2024-08-28,That Awkward Moment,2014,https://boxd.it/6Ftu
2024-08-28,The Master,2012,https://boxd.it/2cBG
2024-08-28,The Menu,2022,https://boxd.it/lScm
2024-08-28,The Place Beyond the Pines,2012,https://boxd.it/3mDu
2024-08-28,The Seventh Seal,1957,https://boxd.it/2ahO
2024-08-28,Sound of Metal,2019,https://boxd.it/i7Q4
2024-08-28,The Survivor,2021,https://boxd.it/mpss
2024-08-28,The Talented Mr. Ripley,1999,https://boxd.it/2924
2024-08-28,The Usual Suspects,1995,https://boxd.it/29XE
2024-08-28,Every Day,2018,https://boxd.it/gEhC
2024-08-28,Bullet Train,2022,https://boxd.it/qW26
2024-08-28,About a Boy,2002,https://boxd.it/2aMC
2024-08-28,Uncharted,2022,https://boxd.it/b5Dy
2024-08-28,V for Vendetta,2005,https://boxd.it/29Ik
2024-08-28,Europa Report,2013,https://boxd.it/5n0s
2024-08-28,You Were Never Really Here,2017,https://boxd.it/dWOS
2024-08-28,Waves,2019,https://boxd.it/jpmy
2024-08-28,When Evil Lurks,2023,https://boxd.it/rXBe
2024-08-28,X-Men Origins: Wolverine,2009,https://boxd.it/27ug
2024-08-28,Young Adult Matters,2020,https://boxd.it/oZf4
2024-08-28,The Pursuit of Happyness,2006,https://boxd.it/28PE
2024-08-28,Orphan: First Kill,2022,https://boxd.it/sxZc
2024-09-03,Longlegs,2024,https://boxd.it/KzLM
2024-09-03,Prometheus,2012,https://boxd.it/2s9e
2024-09-08,Beetlejuice Beetlejuice,2024,https://boxd.it/yyGs
2024-09-08,Beetlejuice,1988,https://boxd.it/24QI
2024-09-13,Melody,1971,https://boxd.it/J26
2024-09-13,Mauvais Sang,1986,https://boxd.it/5c6
2024-09-13,The Breakfast Club,1985,https://boxd.it/27q4
2024-09-13,The 8th Night,2021,https://boxd.it/miZu
2024-09-13,Ghost in the Shell,2017,https://boxd.it/abTA
2024-09-14,Trainspotting,1996,https://boxd.it/29XY
2024-09-16,Videodrome,1983,https://boxd.it/29uC
2024-09-25,Fat Girl,2001,https://boxd.it/2a6w
2024-09-26,Lost in Translation,2003,https://boxd.it/2b0E
2024-09-26,Helter Skelter,2012,https://boxd.it/3ybW
2024-09-26,Love Exposure,2008,https://boxd.it/1pDe
2024-10-09,Joker,2019,https://boxd.it/h4cS
2024-10-13,Immaculate,2024,https://boxd.it/Douw
2024-10-13,Immaculate,2021,https://boxd.it/wkTy
2024-10-14,Mephisto,1981,https://boxd.it/1SN8
2024-10-14,Brick,2005,https://boxd.it/1Z6A
2024-10-14,Gone Girl,2014,https://boxd.it/6hQu
2024-10-14,Lady Bird,2017,https://boxd.it/dGNE
2024-10-14,On the Edge,2001,https://boxd.it/2N3G
2024-10-23,Portnoy's Complaint,1972,https://boxd.it/4CX8
2024-10-23,The Jester,2023,https://boxd.it/Gik2
2024-10-28,Inside Out 2,2024,https://boxd.it/CFrC
2024-11-06,Mirror Mirror,1990,https://boxd.it/2tKg
2024-11-08,Big Eyes,2014,https://boxd.it/36ms
2024-11-08,Attack of the 50 Foot Woman,,https://boxd.it/L5Ba
2024-11-09,Howl's Moving Castle,2004,https://boxd.it/23De
2024-11-09,Marrowbone,2017,https://boxd.it/dZVC
2024-11-17,The Witch,2015,https://boxd.it/9X0m
2024-12-01,The Eagle,2011,https://boxd.it/FVw
2024-12-02,The Station Agent,2003,https://boxd.it/27xu
2024-12-06,Faust,2011,https://boxd.it/2GtM
2024-12-12,Eduardo and Monica,2020,https://boxd.it/jHZe
2024-12-14,All About Lily Chou-Chou,2001,https://boxd.it/1JP0
2024-12-15,Notes on a Scandal,2006,https://boxd.it/28Zu
2024-12-15,The Dreamers,2003,https://boxd.it/28X4
2024-12-17,Madame Bovary,2014,https://boxd.it/7qrq
2024-12-23,Pirates of Silicon Valley,1999,https://boxd.it/25vm
2024-12-25,Full Moon in Paris,1984,https://boxd.it/1sxe
2024-12-30,I Saw the Devil,2010,https://boxd.it/FaK
2024-12-30,The Secret Life of Walter Mitty,2013,https://boxd.it/3SWy
2025-01-06,The Rifleman of the Voroshilov Regiment,1999,https://boxd.it/2rCO
2025-01-10,The Beautiful Person,2008,https://boxd.it/152W
2025-01-11,Holmes & Watson,2018,https://boxd.it/f6tM
2025-01-11,The Night Manager,2016,https://boxd.it/dsfS
2025-01-11,Peter's Friends,1992,https://boxd.it/1T52
2025-01-11,The Man in the Iron Mask,1998,https://boxd.it/1YZO
2025-01-13,Bed and Board,1970,https://boxd.it/2aKw
2025-01-15,A Beautiful Mind,2001,https://boxd.it/2amk
2025-01-16,Babygirl,2024,https://boxd.it/Fvai
2025-01-17,Find Love,2006,https://boxd.it/M3Q
2025-01-21,Hour of the Star,1985,https://boxd.it/XUQ
2025-01-21,A Serbian Film,2010,https://boxd.it/2wBc
2025-01-21,The Brutalist,2024,https://boxd.it/k4BO
2025-01-21,Cannibal Holocaust,1980,https://boxd.it/1ZWQ
2025-01-21,"Salò, or the 120 Days of Sodom",1975,https://boxd.it/237s
2025-01-21,Caligula,1979,https://boxd.it/1YDS
2025-01-23,Collateral,2004,https://boxd.it/28F0
2025-01-25,A Tale of Two Sisters,2003,https://boxd.it/248m
2025-01-28,A Different Man,2024,https://boxd.it/BoEC
2025-01-28,Vanilla Sky,2001,https://boxd.it/27TK
2025-01-28,From Hell,2001,https://boxd.it/29FK
2025-01-30,St. Giuseppe Moscati: Doctor to the Poor,2007,https://boxd.it/MT8a
2025-02-05,Small Things Like These,2024,https://boxd.it/FHIm
2025-02-05,Gothic & Lolita Psycho,2010,https://boxd.it/2hp6
2025-02-05,Buffalo '66,1998,https://boxd.it/1YC6
2025-02-08,Cold Eyes,2013,https://boxd.it/68Ai
2025-02-08,Three Colours: White,1994,https://boxd.it/2b7A
2025-02-08,Trap.com,2011,https://boxd.it/2uIA
2025-02-08,Three Colours: Blue,1993,https://boxd.it/2b7K
2025-02-08,Three Colours: Red,1994,https://boxd.it/2b7q
2025-02-08,Gia,1998,https://boxd.it/1NUo
2025-02-09,Dead Poets Society,1989,https://boxd.it/2aSg
2025-02-11,10 Cloverfield Lane,2016,https://boxd.it/aZiu
2025-02-11,Twin Peaks: Fire Walk with Me,1992,https://boxd.it/27Qw
2025-02-12,Valerie and Her Week of Wonders,1970,https://boxd.it/NsC
2025-02-13,Pink Narcissus,1971,https://boxd.it/WKU
2025-02-15,Bambi,1942,https://boxd.it/25AQ
2025-02-15,Frankenweenie,2012,https://boxd.it/bPS
2025-02-15,Treasure Planet,2002,https://boxd.it/1Znm
2025-02-16,The First Omen,2024,https://boxd.it/fx08
2025-02-23,Spring Breakers,2012,https://boxd.it/421s
2025-02-28,Morphine,2008,https://boxd.it/BJG
2025-03-07,Cabaret,1972,https://boxd.it/1Vpe
2025-03-09,Mr. & Mrs. Smith,2005,https://boxd.it/29CG
2025-03-10,Eastern Cross,1991,https://boxd.it/1WcA
2025-03-10,Voices in the Wind,2020,https://boxd.it/nxZw
2025-03-23,Glengarry Glen Ross,1992,https://boxd.it/1Yw8
2025-03-23,Donnie Brasco,1997,https://boxd.it/1YRA
2025-03-23,Assault on the Pay Train,1962,https://boxd.it/33Qu
2025-03-23,Faust,1926,https://boxd.it/1Vxi
2025-03-29,The Descent,2005,https://boxd.it/1YNy
2025-03-29,Snatch,2000,https://boxd.it/2b7U
2025-04-14,The Student,2021,https://boxd.it/ooFa
2025-04-29,The Ice Storm,1997,https://boxd.it/2c6I
2025-05-05,Underworld,2003,https://boxd.it/2aHs
2025-05-06,Dante's Inferno: An Animated Epic,2010,https://boxd.it/1i18
2025-05-09,Before I Fall,2017,https://boxd.it/dW0I
2025-05-09,Monster,2003,https://boxd.it/2afy
2025-05-10,Naked,1993,https://boxd.it/1BT4
2025-05-10,Johnny Got His Gun,1971,https://boxd.it/1KkM
2025-05-10,The Mother and the Whore,1973,https://boxd.it/HQe
2025-05-10,Wings of Desire,1987,https://boxd.it/2b26
2025-05-10,Look Away,2018,https://boxd.it/j6Hs
2025-05-18,The Country Doctor,1909,https://boxd.it/19C0
2025-06-06,Good Boys,2019,https://boxd.it/iW1G
2025-06-07,10 Things I Hate About You,1999,https://boxd.it/23AO
2025-06-19,That Obscure Object of Desire,1977,https://boxd.it/22zg
2025-06-19,The Public Woman,1984,https://boxd.it/2tAU
2025-06-19,The Devil,1972,https://boxd.it/3iRC
2025-06-23,Schindler's List,1993,https://boxd.it/2aq2
2025-06-24,Casino Royale,2006,https://boxd.it/1alk
2025-06-24,The Road,2009,https://boxd.it/1CWI
2025-06-24,Fresh,2022,https://boxd.it/tCNi
2025-06-24,Raw,2016,https://boxd.it/dLd2
2025-06-25,Trouble Every Day,2001,https://boxd.it/115M
2025-06-27,Sleepy Hollow,1999,https://boxd.it/26u0
2025-06-27,Mommy,2014,https://boxd.it/7Uau
2025-07-02,Priscilla,2023,https://boxd.it/Cz3k
2025-07-02,F1,2025,https://boxd.it/yjVM
2025-07-04,Mr. Sardonicus,1961,https://boxd.it/1nzu
2025-07-11,Beautiful Boy,2018,https://boxd.it/g76Q
2025-07-13,Crime + Punishment in Suburbia,2000,https://boxd.it/NV0
2025-07-18,"Sorry, Baby",2025,https://boxd.it/JKNi
2025-07-25,A Man for All Seasons,1966,https://boxd.it/29oE
2025-07-26,Homunculus,2021,https://boxd.it/rPtG
2025-07-28,Exodus: Gods and Kings,2014,https://boxd.it/4FV0
2025-07-28,Ghost Rider: Spirit of Vengeance,2011,https://boxd.it/2qne
2025-07-28,Carrie,1976,https://boxd.it/20ZQ
2025-07-28,Hellraiser,1987,https://boxd.it/1Zpi
2025-07-29,Dogville,2003,https://boxd.it/2a8W
2024-08-18,Trap,2024,https://boxd.it/D4nK
2024-08-28,Zodiac,2007,https://boxd.it/27MO
2024-08-28,A Man of Action,2022,https://boxd.it/zGIy
